timestamp,client_ip,username,status_code,port,country,city
2024-01-15 10:30:15,192.168.1.100,admin,success,22,United States,New York
2024-01-15 10:31:22,203.45.67.89,root,failed,22,China,Beijing
2024-01-15 10:32:45,91.234.56.78,user,success,22,Germany,Berlin
2024-01-15 10:33:12,45.67.89.123,test,failed,22,Brazil,SÃ£o Paulo
2024-01-15 10:34:08,178.234.56.78,admin,success,22,France,Paris
2024-01-15 10:35:33,156.78.90.123,root,failed,22,Russia,Moscow
2024-01-15 10:36:19,67.89.123.45,user,success,22,Canada,Toronto
2024-01-15 10:37:42,234.56.78.90,admin,failed,22,Japan,Tokyo
2024-01-15 10:38:15,89.123.45.67,test,success,22,United Kingdom,London
2024-01-15 10:39:28,123.45.67.89,root,failed,22,Australia,Sydney
2024-01-15T10:40:23Z,156.78.90.12,test,failed,22,United Kingdom,London
2024-01-15T10:41:34Z,234.56.78.90,guest,success,22,Canada,Toronto
2024-01-15T10:42:45Z,123.45.67.89,ubuntu,failed,22,Australia,Sydney
2024-01-15T10:43:56Z,89.123.45.67,pi,failed,22,Netherlands,Amsterdam
2024-01-15T10:44:67Z,45.67.89.123,admin,success,22,Japan,Tokyo
2024-01-15T10:45:78Z,67.89.123.45,root,failed,22,South Korea,Seoul
2024-01-15T10:46:89Z,89.123.45.67,user,failed,22,Italy,Rome
2024-01-15T10:47:90Z,123.45.67.89,test,success,22,Spain,Madrid
2024-01-15T10:48:01Z,45.67.89.123,guest,failed,22,Sweden,Stockholm
2024-01-15T10:49:12Z,67.89.123.45,ubuntu,failed,22,Norway,Oslo 
 